Clase1,Clase2,Promedio
0.8596548355584501,0.8801334940205804,0.8698941647895153
