Clase1,Clase2,Promedio
0.8588846240686384,0.8878118829653562,0.8733482535169973
