Clase1,Clase2,Promedio
0.8897672375933245,0.9078222548659567,0.8987947462296406
