Clase1,Clase2,Promedio
0.8184908225696804,0.8566314659029891,0.8375611442363348
