Clase1,Clase2,Promedio
0.46954314720812185,0.5242792109256449,0.49691117906688337
