Class,F-Score
Class_0,0.9015094339622641
Class_1,0.888936170212766
Average,0.895222802087515
