Clase1,Clase2,Promedio
0.8651559344850797,0.8915749594082627,0.8783654469466712
